{
    "Agent": {
        "total": 6.911899981787428e-05
    },
    "Env": {
        "apply_act": 0.006895450409501791,
        "observation_computation": 0.0028046320658177137,
        "powerflow_computation": 0.05828164145350456,
        "total": 0.06798171997070312
    },
    "total": 0.06914640499962843
}