{
    "Agent": {
        "total": 5.734200021834113e-05
    },
    "Env": {
        "apply_act": 0.004426180850714445,
        "observation_computation": 0.0017355179879814386,
        "powerflow_computation": 0.04033071920275688,
        "total": 0.04649242013692856
    },
    "total": 0.04742125700067845
}